﻿<?xml version="1.0" encoding="utf-8"?>
<?xml-stylesheet href="chie.css" type="text/css" media="screen"?>
<?xml-stylesheet href="chie.xsl" type="text/xsl" media="screen"?>
<!DOCTYPE dtbook PUBLIC "-//NISO//DTD dtbook 2005-3//EN" "dtbook-2005-3.dtd">
<dtbook xml:lang="ja" version="2005-3" xmlns="http://www.daisy.org/z3986/2005/dtbook/">
  <head>
    <meta name="dc:Title" content="ナミヤ雑貨店の奇蹟" />
    <meta name="dtb:uid" content="20140625131435" />
  </head>
  <book>
    <bodymatter>
      <level1>
        <h1>
          <sent id="t0000001" smilref="ptk00003.smil#phr00001">もくじ</sent>
        </h1>
        <p />
        <p>
          <sent id="t0000002" smilref="ptk00003.smil#phr00002">第１章　回答は牛乳箱に　　5ページ</sent>
        </p>
        <p />
        <p>
          <sent id="t0000003" smilref="ptk00003.smil#phr00003">第２章　夜更けにハーモニカを　　71ページ</sent>
        </p>
        <p />
        <p>
          <sent id="t0000004" smilref="ptk00003.smil#phr00004">第３章　シビックで朝まで　　129ページ</sent>
        </p>
        <p />
        <p>
          <sent id="t0000005" smilref="ptk00003.smil#phr00005">第４章　<span class="ruby">黙祷<span class="rp">（</span><span class="rt">もくとう</span><span class="rp">）</span></span>はビートルズで　　189ページ</sent>
        </p>
        <p />
        <p>
          <sent id="t0000006" smilref="ptk00003.smil#phr00006">第５章　空の上から祈りを　276ページ</sent>
        </p>
        <pagenum id="t0000007" smilref="ptk00003.smil#phr00007" page="normal">『5ページ』</pagenum>
        <p />
        <p />
      </level1>
    </bodymatter>
  </book>
</dtbook>