﻿<?xml version="1.0" encoding="utf-8"?>
<?xml-stylesheet href="chie.css" type="text/css" media="screen"?>
<?xml-stylesheet href="chie.xsl" type="text/xsl" media="screen"?>
<!DOCTYPE dtbook PUBLIC "-//NISO//DTD dtbook 2005-3//EN" "dtbook-2005-3.dtd">
<dtbook xml:lang="ja" version="2005-3" xmlns="http://www.daisy.org/z3986/2005/dtbook/">
  <head>
    <meta name="dc:Title" content="ナミヤ雑貨店の奇蹟" />
    <meta name="dtb:uid" content="20140625131435" />
  </head>
  <book>
    <bodymatter>
      <level1>
        <h1>
          <sent id="t0000001" smilref="ptk00055.smil#phr00001">デージー奥付</sent>
        </h1>
        <p>
          <sent id="t0000002" smilref="ptk00055.smil#phr00002">書名　　ナミヤ雑貨店の奇蹟</sent>
        </p>
        <p>
          <sent id="t0000003" smilref="ptk00055.smil#phr00003">製作　　豊島区立中央図書館ひかり文庫</sent>
        </p>
        <p>
          <sent id="t0000004" smilref="ptk00055.smil#phr00004">製作協力　　ひかり文庫拡大写本グループ</sent>
        </p>
        <p>
          <sent id="t0000005" smilref="ptk00055.smil#phr00005">製作完了　　平成26年12月</sent>
        </p>
      </level1>
    </bodymatter>
  </book>
</dtbook>