﻿<?xml version="1.0" encoding="utf-8"?>
<?xml-stylesheet href="chie.css" type="text/css" media="screen"?>
<?xml-stylesheet href="chie.xsl" type="text/xsl" media="screen"?>
<!DOCTYPE dtbook PUBLIC "-//NISO//DTD dtbook 2005-3//EN" "dtbook-2005-3.dtd">
<dtbook xml:lang="ja" version="2005-3" xmlns="http://www.daisy.org/z3986/2005/dtbook/">
  <head>
    <meta name="dc:Title" content="ナミヤ雑貨店の奇蹟" />
    <meta name="dtb:uid" content="20140625131435" />
  </head>
  <book>
    <bodymatter>
      <level1>
        <h1>
          <sent id="t0000001" smilref="ptk00054.smil#phr00001">原本奥付　</sent>
        </h1>
        <p>
          <sent id="t0000002" smilref="ptk00054.smil#phr00002">ナミヤ雑貨店の奇蹟</sent>
        </p>
        <p>
          <sent id="t0000003" smilref="ptk00054.smil#phr00003">平成二十四年三月三十日　初版発行</sent>
        </p>
        <p>
          <sent id="t0000004" smilref="ptk00054.smil#phr00004">平成二十四年四月五日　再版発行</sent>
        </p>
        <p>
          <sent id="t0000005" smilref="ptk00054.smil#phr00005">著者  <span class="ruby">東野<span class="rp">（</span><span class="rt">ひがしの</span><span class="rp">）</span></span>圭吾</sent>
        </p>
        <p>
          <sent id="t0000006" smilref="ptk00054.smil#phr00006">発行者  井上伸一郎</sent>
        </p>
        <p>
          <sent id="t0000007" smilref="ptk00054.smil#phr00007">発行所  株式会社角川書店</sent>
        </p>
        <p>
          <sent id="t0000008" smilref="ptk00054.smil#phr00008">〒一〇二-八〇七八　東京都千代田区富士見 ニ-一三-三</sent>
        </p>
        <p>
          <sent id="t0000009" smilref="ptk00054.smil#phr00009">電話　編集〇三-三二三八-八五五五</sent>
        </p>
        <p>
          <sent id="t0000010" smilref="ptk00054.smil#phr00010">発売元  株式会社角川グループパブリッシング</sent>
        </p>
        <p>
          <sent id="t0000011" smilref="ptk00054.smil#phr00011">〒一〇二-八一七七　東京都千代田区富士見 ニ-一三-三</sent>
        </p>
        <p>
          <sent id="t0000012" smilref="ptk00054.smil#phr00012">電話　営業〇三-三二三八-八五二一</sent>
        </p>
        <p>
          <sent id="t0000013" smilref="ptk00054.smil#phr00013">http://www.kadokawa.co.jp/ </sent>
        </p>
        <p>
          <sent id="t0000014" smilref="ptk00054.smil#phr00014">ISBN 978-4-04-110136-0 </sent>
        </p>
        <p>
          <sent id="t0000015" smilref="ptk00054.smil#phr00015">定価　 1600円　＋　税</sent>
        </p>
      </level1>
    </bodymatter>
  </book>
</dtbook>