﻿<?xml version="1.0" encoding="utf-8"?>
<?xml-stylesheet href="chie.css" type="text/css" media="screen"?>
<?xml-stylesheet href="chie.xsl" type="text/xsl" media="screen"?>
<!DOCTYPE dtbook PUBLIC "-//NISO//DTD dtbook 2005-3//EN" "dtbook-2005-3.dtd">
<dtbook xml:lang="ja" version="2005-3" xmlns="http://www.daisy.org/z3986/2005/dtbook/">
  <head>
    <meta name="dc:Title" content="ナミヤ雑貨店の奇蹟" />
    <meta name="dtb:uid" content="20140625131435" />
  </head>
  <book>
    <bodymatter>
      <level1>
        <h1>
          <sent id="t0000001" smilref="ptk00002.smil#phr00001">デイジー図書凡例</sent>
        </h1>
        <p>
          <sent id="t0000002" smilref="ptk00002.smil#phr00002">１．この図書の階層はレベル２までです。レベル１は、目次の各見出し、レベル２は、目次にない本文中の見出しです。</sent>
        </p>
        <p>
          <sent id="t0000003" smilref="ptk00002.smil#phr00003">２．ページ番号は、飛ばし読み機能（スキッパブル機能）を設定しています。</sent>
        </p>
        <p>
          <sent id="t0000004" smilref="ptk00002.smil#phr00004">３．原本にないルビをテキストデージー編集者の判断で付け加えました。</sent>
        </p>
        <p>
          <sent id="t0000005" smilref="ptk00002.smil#phr00005">テキストデイジー図書凡例、</sent>
          <sent id="t0000006" smilref="ptk00002.smil#phr00006">終わり</sent>
        </p>
      </level1>
    </bodymatter>
  </book>
</dtbook>