﻿<?xml version="1.0" encoding="utf-8"?>
<?xml-stylesheet href="chie.css" type="text/css" media="screen"?>
<?xml-stylesheet href="chie.xsl" type="text/xsl" media="screen"?>
<!DOCTYPE dtbook PUBLIC "-//NISO//DTD dtbook 2005-3//EN" "dtbook-2005-3.dtd">
<dtbook xml:lang="ja" version="2005-3" xmlns="http://www.daisy.org/z3986/2005/dtbook/">
  <head>
    <meta name="dc:Title" content="ナミヤ雑貨店の奇蹟" />
    <meta name="dtb:uid" content="20140625131435" />
  </head>
  <book>
    <bodymatter>
      <level1>
        <h1>
          <sent id="t0000001" smilref="ptk00053.smil#phr00001">著者紹介　</sent>
        </h1>
        <p>
          <sent id="t0000002" smilref="ptk00053.smil#phr00002">
            <span class="ruby">東野<span class="rp">（</span><span class="rt">ひがしの</span><span class="rp">）</span></span>圭吾</sent>
        </p>
        <p>
          <sent id="t0000003" smilref="ptk00053.smil#phr00003">1958年、</sent>
          <sent id="t0000004" smilref="ptk00053.smil#phr00004">大阪府生まれ。</sent>
          <sent id="t0000005" smilref="ptk00053.smil#phr00005">85年『放課後』で第31回江戸川乱歩賞を受賞しデビュー。</sent>
          <sent id="t0000006" smilref="ptk00053.smil#phr00006">99年『秘密』で第52回日本推理作家協会賞、</sent>
          <sent id="t0000007" smilref="ptk00053.smil#phr00007">2006年『容疑者Xの献身』で第134回直木賞を受賞。</sent>
          <sent id="t0000008" smilref="ptk00053.smil#phr00008">その他の著書に『殺人の門』『探偵倶楽部』『さまよう刃』『夜明けの街で』『麒麟の翼』『真夏の方程式』『マスカレード・ホテル』など多数。</sent>
        </p>
      </level1>
    </bodymatter>
  </book>
</dtbook>