﻿<?xml version="1.0" encoding="utf-8"?>
<?xml-stylesheet href="chie.css" type="text/css" media="screen"?>
<?xml-stylesheet href="chie.xsl" type="text/xsl" media="screen"?>
<!DOCTYPE dtbook PUBLIC "-//NISO//DTD dtbook 2005-3//EN" "dtbook-2005-3.dtd">
<dtbook xml:lang="ja" version="2005-3" xmlns="http://www.daisy.org/z3986/2005/dtbook/">
  <head>
    <meta name="dc:Title" content="ナミヤ雑貨店の奇蹟" />
    <meta name="dtb:uid" content="20140625131435" />
  </head>
  <book>
    <bodymatter>
      <level1>
        <h1>
          <sent id="t0000001" smilref="ptk00001.smil#phr00001">ナミヤ雑貨店の奇蹟</sent>
        </h1>
        <p>
          <sent id="t0000002" smilref="ptk00001.smil#phr00002">
            <span class="ruby">東野<span class="rp">（</span><span class="rt">ひがしの</span><span class="rp">）</span></span>  圭吾 　著</sent>
        </p>
        <p>
          <sent id="t0000003" smilref="ptk00001.smil#phr00003">豊島区立中央図書館ひかり文庫　２０１４年製作</sent>
        </p>
        <p>
          <sent id="t0000004" smilref="ptk00001.smil#phr00004">この図書は著作権法第３７条第３項に基づいて製作しています。又貸し、複製等による第三者への提供はできません。</sent>
        </p>
        <p />
        <p />
        <p />
        <p />
        <p />
        <p />
      </level1>
    </bodymatter>
  </book>
</dtbook>